<title>Saad Ahmad &mdash; Portfolio </title>
    <meta charset="utf-8">
    <meta http-equiv="Content-Type" content="text/html; charset=utf-8"/>
    <meta name="viewport" content="width=device-width, initial-scale=1, shrink-to-fit=no">
    <meta name="description" content="Saad Ahmad - IT & Website Developer - Pakistan, essentialsofts, lucentsoftwares, softwarecomapny, gujrat software, gujrat software company, pakistan software, pakistan software company">
    <meta name="keywords" content="Saad Ahmad, isaad ahmad, isaad, IT develpoer, Website developer, front-end Designer, Graphic Designer, UI/UX Designer, Hosting, cheap hosting">
    <meta name="author" content="Saad Ahmad">
    <meta name="robots" content="noindex">
    <meta property="og:title" content="Saad Ahmad, Web developer, website developer, isaadahmad, isaad ahmad, essentialsofts, lucentsoftwares ">
    <meta property="og:url" content="https://isaadahmad.com">
    <meta property="og:image" content="https://web.facebook.com/photo?fbid=2582994548596780&set=a.1398054380424142">
    <meta property="og:type" content="website">
    <meta property="og:description" content="This is my portfolio. I'm a web developer form Pakistan. If you want web developer please visit and contact me.">
    <meta property="og:locale" content="en">
    <meta http-equiv="cache-control" content="no-cache">
    <meta http-equiv="pragma" content="no-cache">
    <meta name="google-site-verification" content="AFawb7bnR98AW-VXKnIg9qSYxJrBQGwKhzY2PDUI9mA" >